title,publisher,year,categories
National Geographic,Various,2025,Science|Nature
The Economist,The Economist Group,2025,Business|Finance
title,publisher,year,categories
Time,Time USA LLC,2025,News|Politics
Wired,Condé Nast,2025,Technology|Science
Scientific American,Springer Nature,2025,Science|Education
Forbes,Forbes Media,2025,Business|Finance
Bloomberg Businessweek,Bloomberg L.P.,2025,Business|Economics
Vogue,Condé Nast,2025,Fashion|Lifestyle
National Review,National Review Inc.,2025,Politics|Opinion
New Scientist,DTG Media,2025,Science|Technology
GQ,Condé Nast,2025,Men's Lifestyle|Fashion
Harvard Business Review,Harvard University,2025,Business|Management
PC Gamer,Future plc,2025,Gaming|Technology
The Atlantic,Atlantic Monthly Group,2025,News|Culture
Popular Mechanics,Hearst Communications,2025,Science|Engineering
Men's Health,Hearst Communications,2025,Health|Fitness
Women's Health,Hearst Communications,2025,Health|Lifestyle
Empire,Bauer Consumer Media,2025,Film|Entertainment
Rolling Stone,Penske Media Corporation,2025,Music|Culture
Cosmopolitan,Hearst Communications,2025,Fashion|Lifestyle
MIT Technology Review,MIT,2025,Technology|Innovation
Nature,Springer Nature,2025,Science|Research